90492402;BIBO ELMA MEYVE SUYU;
90492419;BIBO AHUDUDU MEYVE SUYU;
90492426;BIBO ANANAS M.SUYU 200 ML.;
90492686;CAPPY 250 ML TURUNCGIL SIS;
90492723;FANTA 500ML MANDALINA;
90492846;DAMLA ELMA SODA;
90492907;SCHWEPPES TONIC 250ML;
90492914;SCHWEPPES 250 ML;
90492976;DAMLA M.SUYU;
90494512;CAPPY 250ML VİŞNE;
90494666;CAPPY 250ML KAYISI;
90494673;CAPPY 250ML ŞEFTALİ;
90494895;CAPPY 200 ML.SAF PORTAKAL;
90495281;CAPPY 250ML PORTAKAL;
9049531;DAMLA SODA;
90495311;DAMLA SODA;
90495434;CAPPY PORT 200ML;
90495441;CAPPY VIŞNE 200ML;
90495489;CAPPY 200 ML.SEFTALI;
90495526;CAPPY KAYISI 1/5;
90637003653;CARTE DOR MEYVE ŞÖLENİ;
9120026490010;FACE 2 ENERJİ;
9199488868;PRINGS;
92190000827;LEMONNİ LİM KOL CAM 190ML.;
92971070803;ULKER GENÇ LINK;
9300632043535;COLG ACTIBRUSH ÇOCUK YEDEK;
9300632048526;COLG ACTIBRUSH ÇOC.DİŞ FIRÇ.;
9300632073573;COLGATE 360 WHOLE MO CLEAN;
9300663278466;DOVE BABY;
9310022310102;PEDG KOP KON 400 GR YAVRU;
9310022310201;PEDİGREE 400GR;
9310022310300;PEDİGREE 400GR;
9310022310409;PEDİGREE KÖPEK NAT 400GR;
9310022360800;WHİSKAS KED.MAMASI 400GR;
9310022379109;WHI.KEDI KONS.ERS.BIF.TAV.;
9310022380600;WHİSKAS KED.MAMASI 400GR;
9310022389702;WHİSKAS KED.MAMASI 400GR;
9310022392801;WHİSKAS KED.MAMASI 400GR;
9310022918605;KÖPEK MAMASI;
9310022919206;PEDG KÖP KONERS TAVUK 400G;
9319470226003;KOSLA ÇİFT ETKİLİ;
9449046611114;COCA COLA KUTU (200ML);
95;95;
95061825;PEYMAN BAHÇEDEN İÇ FINDIK;
9556006060834;JOHNSON BABY SAMP.800ML PO;
9556006061121;JOHNSON BABY SAMP.100 ML;
9556564300090;FİESTA;
9556651010000;MAKYAJ TEMİZLEME PAMUĞU 100LÜ;
9556651011199;SELVEX COTTON KULAK PAMUĞU;
9556651011250;SELVEX KULAK PAMUĞU 100 LÜ;
9556651011625;SELVEX 200+200 ADET KUL.PAMUĞU;
96221815;KANDIRA TEREYAĞ;
9625119105036;AFACAN T.BALDO PİRİNÇ;
9690577018120;SÖKE UN 1 KG;
9690725111024;LE[ZO 430 GR.LIMON)KAVANOZ;
9694095413022;PALMOLİVE NATURELS;
9694801120411;ALTINBAŞ RAKI 35 CL;
9695476100012;LİO MISIR ÖZÜ YAĞI 2 lt.;
9862219632332;BOWL SAKLAMA SET;
9869010500012;ÇAY KUR RİZE TURİST ÇAYI;
9869071910033;DOGUŞ BLACKLABEL;
9869753020942;YENİ RAKI YENİ SERİ 20 CL;
987654321;ISIRGAN OTU;
98899889;MARUL;
9987109000610;DRUM ORİJİNAL 5O G.R;
999;SUTAS HUPTRIK;
KARKER;KARKER;
